{
    "loss": 0.9450756311416626,
    "accuracy": 0.8920863270759583
}